{
  "processed_ids": [
    "2506.05345v1",
    "2506.05344v1",
    "2506.05343v1",
    "2506.05346v1",
    "2506.05350v1"
  ],
  "timestamp": "2025-06-06T14:59:52.834178",
  "stats": {
    "total_processed": 5,
    "successful": 60,
    "failed": 0,
    "skipped": 0,
    "total_time": 13.046644,
    "total_cost": 0.48000000000000037,
    "errors": []
  }
}