{
  "processed_ids": [
    "2506.03131v1",
    "2506.03100v1",
    "2506.03090v1",
    "2506.03122v1",
    "2506.03126v1",
    "2506.03147v2",
    "2506.03123v1",
    "2506.03145v1",
    "2506.03136v1",
    "2506.03106v2",
    "2506.03099v1",
    "2506.03095v1",
    "2506.03139v1",
    "2506.03142v1",
    "2506.03111v1"
  ],
  "timestamp": "2025-06-05T02:08:48.573826",
  "stats": {
    "total_processed": 5,
    "successful": 35,
    "failed": 0,
    "skipped": 0,
    "total_time": 7.099994,
    "total_cost": 0.35000000000000014,
    "errors": []
  }
}