{
  "processed_ids": [
    "2506.04220v1",
    "2506.04205v1",
    "2506.04202v1",
    "2506.04214v1",
    "2506.04209v1",
    "2506.04207v1",
    "2506.04211v1",
    "2506.04203v1"
  ],
  "timestamp": "2025-06-05T03:31:38.725041",
  "stats": {
    "total_processed": 5,
    "successful": 8,
    "failed": 2,
    "skipped": 0,
    "total_time": 20.02548,
    "total_cost": 0.0,
    "errors": []
  }
}