{
  "processed_ids": [
    "2506.05345v1",
    "2506.05350v1",
    "2506.05332v1",
    "2506.05343v1",
    "2506.05346v1",
    "2506.05336v1",
    "2506.05334v1",
    "2506.05340v1",
    "2506.05344v1",
    "2506.05341v1"
  ],
  "timestamp": "2025-06-08T03:13:27.930361",
  "stats": {
    "total_processed": 5,
    "successful": 10,
    "failed": 0,
    "skipped": 0,
    "total_time": 17.93748,
    "total_cost": 0.08000000000000002,
    "errors": []
  }
}