{
  "processed_ids": [
    "2506.04098v1",
    "2506.04083v1",
    "2506.04142v1",
    "2506.04133v1",
    "2506.04051v1",
    "2506.04038v1",
    "2506.04203v1",
    "2506.04036v1",
    "2506.04166v1",
    "2506.04050v1",
    "2506.04172v1",
    "2506.04214v1",
    "2506.04158v1",
    "2506.04167v1",
    "2506.04207v1",
    "2506.04065v1",
    "2506.04077v1",
    "2506.04220v1",
    "2506.04039v1",
    "2506.04211v1",
    "2506.04042v1",
    "2506.04070v1",
    "2506.04079v1",
    "2506.04034v1",
    "2506.04103v1",
    "2506.04108v2",
    "2506.04058v1",
    "2506.04209v1",
    "2506.04180v1",
    "2506.04205v1",
    "2506.04041v1",
    "2506.04078v1",
    "2506.04141v1",
    "2506.04044v1",
    "2506.04139v1",
    "2506.04073v1",
    "2506.04089v1",
    "2506.04063v1",
    "2506.04156v1",
    "2506.04090v1",
    "2506.04171v1",
    "2506.04118v1",
    "2506.04202v1",
    "2506.04072v1",
    "2506.04185v1",
    "2506.04088v1",
    "2506.04179v1",
    "2506.04161v1",
    "2506.04043v1"
  ],
  "timestamp": "2025-06-06T01:34:57.090028",
  "stats": {
    "total_processed": 5,
    "successful": 57,
    "failed": 3,
    "skipped": 0,
    "total_time": 14.71825,
    "total_cost": 0.3760000000000003,
    "errors": []
  }
}