{
  "processed_ids": [
    "2506.04211v1",
    "2506.04220v1",
    "2506.04214v1",
    "2506.04209v1"
  ],
  "timestamp": "2025-06-06T01:09:23.138662",
  "stats": {
    "total_processed": 0,
    "successful": 4,
    "failed": 1,
    "skipped": 0,
    "total_time": 0.0,
    "total_cost": 0.024,
    "errors": []
  }
}