{
  "processed_ids": [
    "2506.04211v1",
    "2506.04220v1",
    "2506.04214v1",
    "2506.04209v1"
  ],
  "timestamp": "2025-06-06T01:25:09.468425",
  "stats": {
    "total_processed": 5,
    "successful": 8,
    "failed": 2,
    "skipped": 0,
    "total_time": 15.111256,
    "total_cost": 0.048,
    "errors": []
  }
}