{
  "processed_ids": [
    "2506.05204v1",
    "2506.05240v1",
    "2506.05309v1",
    "2506.05260v1",
    "2506.05217v1",
    "2506.05346v1",
    "2506.05321v1",
    "2506.05331v1",
    "2506.05265v1",
    "2506.05142v1",
    "2506.05242v1",
    "2506.05198v1",
    "2506.05289v1",
    "2506.05176v1",
    "2506.05182v1",
    "2506.05218v1",
    "2506.05137v1",
    "2506.05295v1",
    "2506.05211v1",
    "2506.05350v1",
    "2506.05205v1",
    "2506.05287v1",
    "2506.05231v1",
    "2506.05310v1",
    "2506.05345v1",
    "2506.05344v1",
    "2506.05274v1",
    "2506.05178v1",
    "2506.05167v1",
    "2506.05343v1",
    "2506.05166v1",
    "2506.05128v1",
    "2506.05341v1",
    "2506.05314v1",
    "2506.05276v1",
    "2506.05243v1",
    "2506.05191v1",
    "2506.05200v1",
    "2506.05334v1",
    "2506.05340v1",
    "2506.05336v1",
    "2506.05183v1",
    "2506.05305v1",
    "2506.05213v1",
    "2506.05209v1",
    "2506.05300v1",
    "2506.05302v1",
    "2506.05332v1",
    "2506.05278v1",
    "2506.05316v1"
  ],
  "timestamp": "2025-06-06T14:34:13.863635",
  "stats": {
    "total_processed": 5,
    "successful": 50,
    "failed": 0,
    "skipped": 0,
    "total_time": 15.189303,
    "total_cost": 0.4000000000000003,
    "errors": []
  }
}