{
  "processed_ids": [
    "2506.04211v1",
    "2506.04202v1",
    "2506.04203v1",
    "2506.04209v1",
    "2506.04220v1",
    "2506.04205v1",
    "2506.04207v1",
    "2506.04185v1",
    "2506.04214v1"
  ],
  "timestamp": "2025-06-05T02:53:34.153638",
  "stats": {
    "total_processed": 5,
    "successful": 18,
    "failed": 2,
    "skipped": 0,
    "total_time": 23.303578,
    "total_cost": 0.0,
    "errors": []
  }
}