{
  "processed_ids": [
    "2506.03131v1",
    "2506.03122v1",
    "2506.03126v1",
    "2506.03147v2",
    "2506.03123v1",
    "2506.03145v1",
    "2506.03136v1",
    "2506.03139v1",
    "2506.03142v1",
    "2506.03111v1"
  ],
  "timestamp": "2025-06-05T01:48:34.760993",
  "stats": {
    "total_processed": 5,
    "successful": 10,
    "failed": 0,
    "skipped": 0,
    "total_time": 6.884134,
    "total_cost": 0.09999999999999999,
    "errors": []
  }
}