{
  "processed_ids": [
    "2505.24842v1",
    "2505.24823v1",
    "2505.24832v2",
    "2505.24875v1",
    "2505.24850v1",
    "2505.24876v1",
    "2505.24840v1",
    "2505.24844v1",
    "2505.24878v1",
    "2505.24871v1",
    "2505.24808v1",
    "2505.24803v2",
    "2505.24846v1",
    "2505.24864v1",
    "2505.24877v1",
    "2505.24826v1",
    "2505.24830v1",
    "2505.24866v1",
    "2505.24862v1",
    "2505.24873v1",
    "2505.24838v1",
    "2505.24869v1",
    "2505.24857v1",
    "2505.24870v1",
    "2505.24858v1"
  ],
  "timestamp": "2025-06-04T03:05:34.969267",
  "stats": {
    "total_processed": 5,
    "successful": 25,
    "failed": 0,
    "skipped": 0,
    "total_time": 5.853071,
    "total_cost": 0.25000000000000006,
    "errors": []
  }
}