{
  "processed_ids": [
    "2505.24870v1",
    "2505.24862v1",
    "2505.24850v1",
    "2505.24846v1",
    "2505.24858v1",
    "2505.24875v1",
    "2505.24864v1",
    "2505.24877v1",
    "2505.24869v1",
    "2505.24871v1",
    "2505.24878v1",
    "2505.24873v1",
    "2505.24857v1",
    "2505.24866v1",
    "2505.24876v1"
  ],
  "timestamp": "2025-06-03T04:30:32.573068",
  "stats": {
    "total_processed": 0,
    "successful": 15,
    "failed": 0,
    "skipped": 0,
    "total_time": 0.0,
    "total_cost": 0.29,
    "errors": []
  }
}